symbol,sim_dir,day,png,png_path,total_pnl,realized_pnl,unrealized_pnl,traded_volume,final_position,mark_notional_usdt,cost_notional_usdt,pnls,sharpes,calmars,max_drawdown,annual_return,calmar,sharpe,daily_turnover,spnl,status
BTCUSDT,sim__asi1x1__bp1x2__bu2x1__cc1x1x1__cdt0__dp1__isk0x1__lat2__mfm3em05__mhtm1__mp1000000__mon100__moq0__mqdb0p1__md0__oc1x1x1__po1__pp1__qp3__sm1__sl100000__stm0__tf0p00025,2025-01-02,2025-01-02.png,/home/kang/glftmm_tick/plot/BTCUSDT/sim__asi1x1__bp1x2__bu2x1__cc1x1x1__cdt0__dp1__isk0x1__lat2__mfm3em05__mhtm1__mp1000000__mon100__moq0__mqdb0p1__md0__oc1x1x1__po1__pp1__qp3__sm1__sl100000__stm0__tf0p00025/2025-01-02.png,956.5694459022518,429.40706518458614,527.1623807176657,2890011.94049999,-2.163000000000034,-209740.81065000332,-210267.97303072098,956.5694459022518,,,,349147.84775432193,,,2890011.94049999,0.00033099152031072906,written
BTCUSDT,sim__asi1x1__bp1x2__bu2x1__cc1x1x1__cdt0__dp1__isk0x1__lat2__mfm3em05__mhtm1__mp1000000__mon100__moq0__mqdb0p1__md0__oc1x1x1__po1__pp1__qp3__sm1__sl100000__stm0__tf0p00025,2025-01-03,2025-01-03.png,/home/kang/glftmm_tick/plot/BTCUSDT/sim__asi1x1__bp1x2__bu2x1__cc1x1x1__cdt0__dp1__isk0x1__lat2__mfm3em05__mhtm1__mp1000000__mon100__moq0__mqdb0p1__md0__oc1x1x1__po1__pp1__qp3__sm1__sl100000__stm0__tf0p00025/2025-01-03.png,951.847772591142,926.2015494002702,25.64622319087175,1839033.123200009,-0.14600000000000002,-14329.279500000002,-14354.925723190874,,,,,,,,,,exists
BTCUSDT,sim__asi1x1__bp1x2__bu2x1__cc1x1x1__cdt0__dp1__isk0x1__lat2__mfm3em05__mhtm1__mp1000000__mon100__moq0__mqdb0p1__md0__oc1x1x1__po1__pp1__qp3__sm1__sl100000__stm0__tf0p00025,2025-01-04,2025-01-04.png,/home/kang/glftmm_tick/plot/BTCUSDT/sim__asi1x1__bp1x2__bu2x1__cc1x1x1__cdt0__dp1__isk0x1__lat2__mfm3em05__mhtm1__mp1000000__mon100__moq0__mqdb0p1__md0__oc1x1x1__po1__pp1__qp3__sm1__sl100000__stm0__tf0p00025/2025-01-04.png,211.89381717514473,212.0435140005416,-0.1496968253968589,836480.3566999978,0.022000000000000006,2159.8093000000003,2159.958996825397,,,,,,,,,,exists
BTCUSDT,sim__asi1x1__bp1x2__bu2x1__cc1x1x1__cdt0__dp1__isk0x1__lat2__mfm3em05__mhtm1__mp1000000__mon100__moq0__mqdb0p1__md0__oc1x1x1__po1__pp1__qp3__sm1__sl100000__stm0__tf0p00025,2025-01-05,2025-01-05.png,/home/kang/glftmm_tick/plot/BTCUSDT/sim__asi1x1__bp1x2__bu2x1__cc1x1x1__cdt0__dp1__isk0x1__lat2__mfm3em05__mhtm1__mp1000000__mon100__moq0__mqdb0p1__md0__oc1x1x1__po1__pp1__qp3__sm1__sl100000__stm0__tf0p00025/2025-01-05.png,797.3427754169035,804.1963540331864,-6.853578616282903,929457.4622000002,0.1350000000000019,13275.933750000186,13282.787328616469,,,,,,,,,,exists
BTCUSDT,sim__asi1x1__bp1x2__bu2x1__cc1x1x1__cdt0__dp1__isk0x1__lat2__mfm3em05__mhtm1__mp1000000__mon100__moq0__mqdb0p1__md0__oc1x1x1__po1__pp1__qp3__sm1__sl100000__stm0__tf0p00025,2025-01-06,2025-01-06.png,/home/kang/glftmm_tick/plot/BTCUSDT/sim__asi1x1__bp1x2__bu2x1__cc1x1x1__cdt0__dp1__isk0x1__lat2__mfm3em05__mhtm1__mp1000000__mon100__moq0__mqdb0p1__md0__oc1x1x1__po1__pp1__qp3__sm1__sl100000__stm0__tf0p00025/2025-01-06.png,-2516.7735286733473,-685.576254938274,-1831.1972737350734,2479310.1891000057,-3.786999999999816,-386957.3641499812,-385126.1668762461,-2516.7735286733473,,,,-918622.3379657718,,,2479310.1891000057,-0.0010151103882596235,written
BTCUSDT,sim__asi1x1__bp1x2__bu2x1__cc1x1x1__cdt0__dp1__isk0x1__lat2__mfm3em05__mhtm1__mp1000000__mon100__moq0__mqdb0p1__md0__oc1x1x1__po1__pp1__qp3__sm1__sl100000__stm0__tf0p00025,2025-01-07,2025-01-07.png,/home/kang/glftmm_tick/plot/BTCUSDT/sim__asi1x1__bp1x2__bu2x1__cc1x1x1__cdt0__dp1__isk0x1__lat2__mfm3em05__mhtm1__mp1000000__mon100__moq0__mqdb0p1__md0__oc1x1x1__po1__pp1__qp3__sm1__sl100000__stm0__tf0p00025/2025-01-07.png,-18575.540691411017,-10537.01530144516,-8038.525389965856,3718493.4571999875,10.23199999999888,991687.9979998915,999726.5233898574,-18575.540691411017,,,,-6780072.352365022,,,3718493.4571999875,-0.004995447996672914,written
BTCUSDT,sim__asi1x1__bp1x2__bu2x1__cc1x1x1__cdt0__dp1__isk0x1__lat2__mfm3em05__mhtm1__mp1000000__mon100__moq0__mqdb0p1__md0__oc1x1x1__po1__pp1__qp3__sm1__sl100000__stm0__tf0p00025,2025-01-11,2025-01-11.png,/home/kang/glftmm_tick/plot/BTCUSDT/sim__asi1x1__bp1x2__bu2x1__cc1x1x1__cdt0__dp1__isk0x1__lat2__mfm3em05__mhtm1__mp1000000__mon100__moq0__mqdb0p1__md0__oc1x1x1__po1__pp1__qp3__sm1__sl100000__stm0__tf0p00025/2025-01-11.png,186.5905150160229,154.1743863235074,32.416128692515485,795302.1102000012,-0.24700000000000016,-23356.925150000014,-23389.34127869253,,,,,,,,,,exists
BTCUSDT,sim__asi1x1__bp1x2__bu2x1__cc1x1x1__cdt0__dp1__isk0x1__lat2__mfm3em05__mhtm1__mp1000000__mon100__moq0__mqdb0p1__md0__oc1x1x1__po1__pp1__qp3__sm1__sl100000__stm0__tf0p00025,2025-01-12,2025-01-12.png,/home/kang/glftmm_tick/plot/BTCUSDT/sim__asi1x1__bp1x2__bu2x1__cc1x1x1__cdt0__dp1__isk0x1__lat2__mfm3em05__mhtm1__mp1000000__mon100__moq0__mqdb0p1__md0__oc1x1x1__po1__pp1__qp3__sm1__sl100000__stm0__tf0p00025/2025-01-12.png,511.6780208361593,316.47929347323185,195.19872736292746,1016182.2049999975,0.5010000000000003,47344.47495000003,47149.276222637105,,,,,,,,,,exists
BTCUSDT,sim__asi1x1__bp1x2__bu2x1__cc1x1x1__cdt0__dp1__isk0x1__lat2__mfm3em05__mhtm1__mp1000000__mon100__moq0__mqdb0p1__md0__oc1x1x1__po1__pp1__qp3__sm1__sl100000__stm0__tf0p00025,2025-01-18,2025-01-18.png,/home/kang/glftmm_tick/plot/BTCUSDT/sim__asi1x1__bp1x2__bu2x1__cc1x1x1__cdt0__dp1__isk0x1__lat2__mfm3em05__mhtm1__mp1000000__mon100__moq0__mqdb0p1__md0__oc1x1x1__po1__pp1__qp3__sm1__sl100000__stm0__tf0p00025/2025-01-18.png,791.7308800024433,794.411880193736,-2.6810001912926964,1369374.3845999988,-0.06500000000000004,-6794.082750000005,-6791.401749808712,791.7308800024433,,,,288981.7712008918,,,1369374.3845999988,0.0005781697751223176,written
BTCUSDT,sim__asi1x1__bp1x2__bu2x1__cc1x1x1__cdt0__dp1__isk0x1__lat2__mfm3em05__mhtm1__mp1000000__mon100__moq0__mqdb0p1__md0__oc1x1x1__po1__pp1__qp3__sm1__sl100000__stm0__tf0p00025,2025-01-22,2025-01-22.png,/home/kang/glftmm_tick/plot/BTCUSDT/sim__asi1x1__bp1x2__bu2x1__cc1x1x1__cdt0__dp1__isk0x1__lat2__mfm3em05__mhtm1__mp1000000__mon100__moq0__mqdb0p1__md0__oc1x1x1__po1__pp1__qp3__sm1__sl100000__stm0__tf0p00025/2025-01-22.png,-964.6878403223832,-287.2586210968743,-677.4292192255089,1634129.2255999944,1.6190000000000313,167833.55405000324,168510.98326922875,-964.6878403223832,,,,-352111.0617176699,,,1634129.2255999944,-0.0005903375481019159,written
BTCUSDT,sim__asi1x1__bp1x2__bu2x1__cc1x1x1__cdt0__dp1__isk0x1__lat2__mfm3em05__mhtm1__mp1000000__mon100__moq0__mqdb0p1__md0__oc1x1x1__po1__pp1__qp3__sm1__sl100000__stm0__tf0p00025,2025-01-24,2025-01-24.png,/home/kang/glftmm_tick/plot/BTCUSDT/sim__asi1x1__bp1x2__bu2x1__cc1x1x1__cdt0__dp1__isk0x1__lat2__mfm3em05__mhtm1__mp1000000__mon100__moq0__mqdb0p1__md0__oc1x1x1__po1__pp1__qp3__sm1__sl100000__stm0__tf0p00025/2025-01-24.png,1412.9933592986513,1419.938526784113,-6.945167485461752,1875643.8239000067,-0.07300000000000005,-7650.9876500000055,-7644.042482514544,1412.9933592986513,,,,515742.57614400773,,,1875643.8239000067,0.0007533377826290222,written
BTCUSDT,sim__asi1x1__bp1x2__bu2x1__cc1x1x1__cdt0__dp1__isk0x1__lat2__mfm3em05__mhtm1__mp1000000__mon100__moq0__mqdb0p1__md0__oc1x1x1__po1__pp1__qp3__sm1__sl100000__stm0__tf0p00025,2025-01-25,2025-01-25.png,/home/kang/glftmm_tick/plot/BTCUSDT/sim__asi1x1__bp1x2__bu2x1__cc1x1x1__cdt0__dp1__isk0x1__lat2__mfm3em05__mhtm1__mp1000000__mon100__moq0__mqdb0p1__md0__oc1x1x1__po1__pp1__qp3__sm1__sl100000__stm0__tf0p00025/2025-01-25.png,209.84270523125357,215.63581625559252,-5.793111024338941,561898.6998000004,0.046999999999999986,4920.991649999998,4926.784761024337,,,,,,,,,,exists
BTCUSDT,sim__asi1x1__bp1x2__bu2x1__cc1x1x1__cdt0__dp1__isk0x1__lat2__mfm3em05__mhtm1__mp1000000__mon100__moq0__mqdb0p1__md0__oc1x1x1__po1__pp1__qp3__sm1__sl100000__stm0__tf0p00025,2025-01-26,2025-01-26.png,/home/kang/glftmm_tick/plot/BTCUSDT/sim__asi1x1__bp1x2__bu2x1__cc1x1x1__cdt0__dp1__isk0x1__lat2__mfm3em05__mhtm1__mp1000000__mon100__moq0__mqdb0p1__md0__oc1x1x1__po1__pp1__qp3__sm1__sl100000__stm0__tf0p00025/2025-01-26.png,-250.36907811477013,-45.340847062946885,-205.02823105182324,594235.1826000013,0.6510000000000005,66766.59255000004,66971.62078105187,,,,,,,,,,exists
BTCUSDT,sim__asi1x1__bp1x2__bu2x1__cc1x1x1__cdt0__dp1__isk0x1__lat2__mfm3em05__mhtm1__mp1000000__mon100__moq0__mqdb0p1__md0__oc1x1x1__po1__pp1__qp3__sm1__sl100000__stm0__tf0p00025,2025-01-28,2025-01-28.png,/home/kang/glftmm_tick/plot/BTCUSDT/sim__asi1x1__bp1x2__bu2x1__cc1x1x1__cdt0__dp1__isk0x1__lat2__mfm3em05__mhtm1__mp1000000__mon100__moq0__mqdb0p1__md0__oc1x1x1__po1__pp1__qp3__sm1__sl100000__stm0__tf0p00025/2025-01-28.png,572.2543839231845,352.84141810150015,219.41296582168434,1894314.1791000036,0.6930000000000005,70186.79745000004,69967.38448417836,,,,,,,,,,exists
BTCUSDT,sim__asi1x1__bp1x2__bu2x1__cc1x1x1__cdt0__dp1__isk0x1__lat2__mfm3em05__mhtm1__mp1000000__mon100__moq0__mqdb0p1__md0__oc1x1x1__po1__pp1__qp3__sm1__sl100000__stm0__tf0p00025,2025-01-29,2025-01-29.png,/home/kang/glftmm_tick/plot/BTCUSDT/sim__asi1x1__bp1x2__bu2x1__cc1x1x1__cdt0__dp1__isk0x1__lat2__mfm3em05__mhtm1__mp1000000__mon100__moq0__mqdb0p1__md0__oc1x1x1__po1__pp1__qp3__sm1__sl100000__stm0__tf0p00025/2025-01-29.png,1100.7420937969491,937.7692149113846,162.97287888556457,2233887.602500009,-0.5079999999999988,-52678.660199999875,-52841.63307888544,1100.7420937969491,,,,401770.86423588643,,,2233887.602500009,0.0004927473041011895,written
BTCUSDT,sim__asi1x1__bp1x2__bu2x1__cc1x1x1__cdt0__dp1__isk0x1__lat2__mfm3em05__mhtm1__mp1000000__mon100__moq0__mqdb0p1__md0__oc1x1x1__po1__pp1__qp3__sm1__sl100000__stm0__tf0p00025,2025-01-30,2025-01-30.png,/home/kang/glftmm_tick/plot/BTCUSDT/sim__asi1x1__bp1x2__bu2x1__cc1x1x1__cdt0__dp1__isk0x1__lat2__mfm3em05__mhtm1__mp1000000__mon100__moq0__mqdb0p1__md0__oc1x1x1__po1__pp1__qp3__sm1__sl100000__stm0__tf0p00025/2025-01-30.png,397.4241274005161,389.97379819409923,7.450329206416882,1347249.9096000008,-0.02700000000000001,-2826.277650000001,-2833.727979206418,,,,,,,,,,exists
BTCUSDT,sim__asi1x1__bp1x2__bu2x1__cc1x1x1__cdt0__dp1__isk0x1__lat2__mfm3em05__mhtm1__mp1000000__mon100__moq0__mqdb0p1__md0__oc1x1x1__po1__pp1__qp3__sm1__sl100000__stm0__tf0p00025,2025-01-31,2025-01-31.png,/home/kang/glftmm_tick/plot/BTCUSDT/sim__asi1x1__bp1x2__bu2x1__cc1x1x1__cdt0__dp1__isk0x1__lat2__mfm3em05__mhtm1__mp1000000__mon100__moq0__mqdb0p1__md0__oc1x1x1__po1__pp1__qp3__sm1__sl100000__stm0__tf0p00025/2025-01-31.png,-154.87936874041867,-443.36427526396534,288.48490652354667,1602395.0076000018,2.5709999999999518,263218.33724999503,262929.8523434715,,,,,,,,,,exists
BTCUSDT,sim__asi1x1__bp1x2__bu2x1__cc1x1x1__cdt0__dp1__isk0x1__lat2__mfm3em05__mhtm1__mp1000000__mon100__moq0__mqdb0p1__md0__oc1x1x1__po1__pp1__qp3__sm1__sl100000__stm0__tf0p00025,2025-02-01,2025-02-01.png,/home/kang/glftmm_tick/plot/BTCUSDT/sim__asi1x1__bp1x2__bu2x1__cc1x1x1__cdt0__dp1__isk0x1__lat2__mfm3em05__mhtm1__mp1000000__mon100__moq0__mqdb0p1__md0__oc1x1x1__po1__pp1__qp3__sm1__sl100000__stm0__tf0p00025/2025-02-01.png,259.85617576481906,246.01143300412383,13.844742760695226,764462.0307999986,0.1800000000000001,18108.63900000001,18094.794257239315,,,,,,,,,,exists
BTCUSDT,sim__asi1x1__bp1x2__bu2x1__cc1x1x1__cdt0__dp1__isk0x1__lat2__mfm3em05__mhtm1__mp1000000__mon100__moq0__mqdb0p1__md0__oc1x1x1__po1__pp1__qp3__sm1__sl100000__stm0__tf0p00025,2025-02-08,2025-02-08.png,/home/kang/glftmm_tick/plot/BTCUSDT/sim__asi1x1__bp1x2__bu2x1__cc1x1x1__cdt0__dp1__isk0x1__lat2__mfm3em05__mhtm1__mp1000000__mon100__moq0__mqdb0p1__md0__oc1x1x1__po1__pp1__qp3__sm1__sl100000__stm0__tf0p00025/2025-02-08.png,531.9020553523621,477.7438072277326,54.15824812462961,1025184.988600004,0.3939999999999998,37986.30829999998,37932.15005187535,531.9020553523621,,,,194144.25020361217,,,1025184.988600004,0.000518835196834797,written
BTCUSDT,sim__asi1x1__bp1x2__bu2x1__cc1x1x1__cdt0__dp1__isk0x1__lat2__mfm3em05__mhtm1__mp1000000__mon100__moq0__mqdb0p1__md0__oc1x1x1__po1__pp1__qp3__sm1__sl100000__stm0__tf0p00025,2025-02-09,2025-02-09.png,/home/kang/glftmm_tick/plot/BTCUSDT/sim__asi1x1__bp1x2__bu2x1__cc1x1x1__cdt0__dp1__isk0x1__lat2__mfm3em05__mhtm1__mp1000000__mon100__moq0__mqdb0p1__md0__oc1x1x1__po1__pp1__qp3__sm1__sl100000__stm0__tf0p00025/2025-02-09.png,1297.5531711036938,955.3258598034782,342.22731130021566,1581253.8527999998,0.4629999999999982,44644.149949999824,44301.92263869961,1297.5531711036938,,,,473606.9074528482,,,1581253.8527999998,0.0008205849862791202,written
